,MSE,MAE,R2,crossVal
erreur_prediction_client,1736456,1070,0.10633302418926549,
erreur_regression_simple_test,1588606,979,0.18242362041597227,[-0.081  0.195  0.257  0.26   0.363]
erreur_regression_complete_test,1116981,737,0.42514541463138933,[0.163 0.531 0.619 0.517 0.575]
erreur_random_forest_test,327033,337,0.8316922168138468,[0.592 0.864 0.892 0.788 0.832]
erreur_gradient_boosting_test,409953,403,0.7890172496196612,[0.52  0.846 0.916 0.81  0.855]
erreur_SVM_test,917439,549,0.5278399555058627,[0.319 0.66  0.743 0.664 0.618]
erreur_random_forest_bruit_test,858327,612,0.5582617049655416,[0.242 0.615 0.721 0.643 0.613]
erreur_random_forest_decalage_test,317845,321,0.8364206034045045,[0.582 0.807 0.859 0.822 0.846]
xbg_bruit_test,776550,624,0.6003485748395763,[0.218 0.645 0.676 0.608 0.6  ]
