,MSE,MAE,R2,crossVal
erreur_prediction_client,16726879,2828,0.7368657329817665,
erreur_regression_simple_test,13820501,2768,0.782586602368242,[0.813 0.761 0.782 0.851 0.727]
erreur_regression_complete_test,13944975,2878,0.7806284711310814,[0.824 0.771 0.787 0.854 0.754]
erreur_random_forest_test,6685564,1886,0.8948278909945054,[0.877 0.847 0.894 0.915 0.843]
erreur_gradient_boosting_test,8186820,2072,0.8712113049037656,[0.853 0.826 0.865 0.905 0.819]
erreur_SVM_test,11404443,2369,0.8205941496706802,[0.839 0.815 0.84  0.9   0.786]
erreur_random_forest_bruit_test,11780200,2551,0.8146830361939055,[0.837 0.813 0.866 0.897 0.792]
xbg_bruit_test,13701519,2842,0.784458337230602,[0.826 0.807 0.836 0.875 0.785]
