,MSE,MAE,R2,crossVal
erreur_prediction_client,5630800,1809,0.461050791781322,
erreur_regression_simple_test,3932755,1557,0.6235783251251297,[0.629 0.673 0.568 0.706 0.678]
erreur_regression_complete_test,3843562,1588,0.6321153274261673,[0.629 0.705 0.601 0.709 0.685]
erreur_random_forest_test,1881948,946,0.8198702835307358,[0.854 0.817 0.812 0.876 0.856]
erreur_gradient_boosting_test,2500020,1119,0.7607118009477911,[0.826 0.834 0.767 0.873 0.841]
erreur_SVM_test,2365994,1161,0.7735400609468868,[0.734 0.781 0.638 0.791 0.794]
erreur_random_forest_bruit_test,2486030,1193,0.7620508543894048,[0.761 0.792 0.736 0.833 0.814]
erreur_random_forest_decalage_test,2009856,998,0.8076275815698263,[0.809 0.838 0.793 0.883 0.879]
xbg_bruit_test,2627687,1230,0.7484922354596139,[0.778 0.776 0.745 0.792 0.775]
