,MSE,MAE,R2,crossVal
erreur_prediction_client,121734,258,-0.03539112320834503,
erreur_regression_simple_test,119433,270,-0.015821100007909816,[-0.011 -0.06  -0.003 -0.024 -0.026]
erreur_regression_complete_test,118604,265,-0.008771106838761256,[-0.066 -0.017  0.02  -0.012 -0.018]
erreur_random_forest_test,63785,177,0.457486233656883,[-0.021  0.457  0.161  0.538  0.428]
erreur_gradient_boosting_test,69419,187,0.4095597388737472,[-0.018  0.416  0.174  0.587  0.261]
erreur_SVM_test,124663,192,-0.060302312525694735,[-0.306  0.182  0.095 -0.019  0.173]
erreur_random_forest_bruit_test,97245,232,0.1728922340204122,[-0.14   0.299  0.173  0.201  0.135]
xbg_bruit_test,101252,239,0.13881266091511824,[-0.219  0.237  0.144  0.251  0.13 ]
