,MSE,MAE,R2,crossVal
erreur_prediction_client,2516514.2054913333,616.1944666666666,0.710020348452726,
erreur_régression_simple,2383949.169179951,736.2216256709228,0.7252959081745998,[0.881 0.816 0.891 0.848 0.74 ]
erreur_régression_complète,2219848.1970604183,702.4989952501614,0.7442053753295845,[0.887 0.813 0.894 0.85  0.742]
random_forest,784663.596285412,327.35983719333694,0.9095826776037413,[0.952 0.958 0.929 0.933 0.767]
gradien_boosting,949934.3695402358,408.1810022190718,0.8905384134645586,[0.899 0.911 0.895 0.88  0.774]
SVM,1793805.7198473215,462.0831438370212,0.7932985411130338,[0.918 0.856 0.927 0.871 0.769]
