,MSE,MAE,R2,crossVal
erreur_prediction_client,124138,268,-0.29801074799388516,
erreur_regression_simple_test,96006,250,-0.003857506780541309,[ 0.002 -0.027 -0.003  0.002 -0.024]
erreur_regression_complete_test,60805,197,0.36420940461803364,[0.512 0.414 0.534 0.297 0.339]
erreur_random_forest_test,21468,90,0.7755185525852598,[0.84  0.742 0.882 0.747 0.774]
erreur_gradient_boosting_test,23923,104,0.749851322927656,[0.858 0.709 0.816 0.713 0.687]
erreur_SVM_test,29656,124,0.6899050652565164,[0.758 0.633 0.765 0.698 0.574]
erreur_random_forest_bruit_test,33852,139,0.646028735985989,[0.598 0.624 0.702 0.642 0.66 ]
xbg_bruit_test,38394,145,0.5985435654766144,[0.625 0.631 0.673 0.618 0.642]
