,MSE,MAE,R2,crossVal
erreur_prediction_client,233817,256,0.337573522659668,
erreur_regression_simple_test,197068,235,0.44168545954545324,[0.611 0.484 0.168 0.288 0.325]
erreur_regression_complete_test,155866,243,0.5584144139447131,[0.664 0.547 0.379 0.495 0.446]
erreur_random_forest_test,45235,115,0.8718422275617568,[0.757 0.702 0.679 0.902 0.666]
erreur_gradient_boosting_test,51695,128,0.853542944039069,[0.707 0.687 0.664 0.873 0.644]
erreur_SVM_test,151064,170,0.5720185587116424,[0.74  0.461 0.349 0.477 0.461]
erreur_random_forest_bruit_test,174297,229,0.5061979594456029,[0.669 0.481 0.371 0.629 0.463]
xbg_bruit_test,198105,255,0.4387480265311472,[0.634 0.5   0.287 0.593 0.457]
