,MSE,MAE,R2,crossVal
erreur_prediction_client,261146.37419,354.4775333333333,0.5164367666642291,
erreur_régression_simple,249094.75580323004,359.874694488033,0.5387526788499188,[0.539 0.374 0.485 0.458 0.508]
erreur_régression_complète,232802.72347721245,346.96685055989997,0.568920541044506,[0.584 0.447 0.483 0.465 0.512]
random_forest,155836.61488414256,269.46602108227495,0.7114382399556098,[0.761 0.745 0.674 0.652 0.718]
gradien_boosting,165308.8533031643,286.5798442332156,0.6938985507639196,[0.751 0.698 0.635 0.619 0.749]
SVM,175872.31050870026,261.11882331064425,0.6743382580454897,[0.632 0.539 0.572 0.589 0.621]
